id,Timestamp,city,country,gender,age,educstat
2024001,8/16/2024 18:06,"Quezon City, Philippines",Philippines,Female,57,Master's degree
2024002,8/17/2024 3:24,Sydney,Australia,Male,49,College degree
2024003,8/18/2024 12:01,"Makati, Philippines",Philippines,Male,39,College degree
2024004,8/31/2024 9:13,Antipolo City,Philippines,LGBTQ+,27,Other - specify
2024005,8/31/2024 9:47,"Laguna, Philippines",Philippines,Male,32,Other - specify
2024006,8/31/2024 11:11,"Paranaque, Philippines",Philippines,Male,37,College degree
2024007,8/31/2024 13:42,"Calgary, Canada",Canada,Male,37,College degree
2024008,8/31/2024 17:19,"Bulacan, Philippines",Philippines,Female,45,College degree
2024009,8/31/2024 18:57,"Quezon City, Philippines",Philippines,Female,34,College degree
2024010,8/31/2024 20:02,La Union,Philippines,Male,26,Other - specify
2024011,9/1/2024 0:45,"Pampanga, Philippines",Philippines,Male,22,Secondary school student
2024012,9/1/2024 3:14,"Pasig, Philippines",Philippines,Male,38,College degree
2024013,9/11/2024 20:08,"Angeles City, Pampanga",Qatar,Male,32,College degree
2024014,9/11/2024 20:10,"Makati, Philippines",Philippines,Male,42,Secondary school student
2024015,9/11/2024 20:14,"Manila, Philippines",Philippines,Male,26,College degree
2024016,9/11/2024 20:14,"Binan, Laguna",Philippines,Male,43,Secondary school student
2024017,9/11/2024 20:16,"Bataan, Philippines",Philippines,Male,20,Secondary school student
2024018,9/11/2024 20:21,"Batangas City, Philippines",Philippines,Female,39,College degree
2024019,9/11/2024 20:24,Malabon,Philippines,Male,35,College degree
2024020,9/11/2024 20:26,Imus,Philippines,Male,,College degree
2024021,9/11/2024 20:26,"San Pablo City, Laguna",Philippines,Male,24,College degree
2024022,9/11/2024 20:30,Cavite,Philippines,Female,38,College degree
2024023,9/11/2024 20:30,"San Jose del Monte, Philippines",Philippines,Male,39,College degree
2024024,9/11/2024 20:32,"Iba, Zambales",Philippines,Male,25,College degree
2024025,9/11/2024 20:38,"Gen. Trias City, Cavite, Philippines",Philippines,LGBTQ+,32,College degree
2024026,9/11/2024 20:40,"Mandaluyong, Philippines",Philippines,Male,35,Master's degree
2024027,9/11/2024 20:45,Muntinlupa City,Philippines,Male,36,College degree
2024028,9/11/2024 20:50,"Santa Maria, Bulacan, Philippines",Philippines,Female,45,College degree
2024029,9/11/2024 20:56,"Makati, Philippines",Philippines,Prefer not to say,23,College degree
2024030,9/11/2024 21:01,"Quezon City, Philippines",Philippines,Male,22,College degree
2024031,9/11/2024 21:10,"Quezon City, Philippines",Philippines,Male,29,College degree
2024032,9/11/2024 21:13,"Quezon City, Philippines",Philippines,Male,,College degree
2024033,9/11/2024 21:21,"Quezon City, Philippines",Philippines,Male,21,College degree
2024034,9/11/2024 21:25,Las Pi?Øas,Philippines,Female,25,College degree
2024035,9/11/2024 21:27,Batangas,Philippines,Male,36,College degree
2024036,9/11/2024 21:29,"Malolos, Bulacan",Philippines,Male,24,College degree
2024037,9/11/2024 21:31,"Paranaque, Philippines",Philippines,Male,52,Master's degree
2024038,9/11/2024 21:34,"Antipolo City, Philippines",Philippines,Male,24,College degree
2024039,9/11/2024 21:34,"Davao City, Philippines",Philippines,Male,35,Other - specify
2024040,9/11/2024 21:51,"Batangas, Philippines",Philippines,Female,22,College degree
2024041,9/11/2024 22:36,"Quezon City, Philippines",Philippines,Male,21,College degree
2024042,9/11/2024 23:16,"Bulacan, Philippines",Philippines,Female,27,College degree
2024043,9/11/2024 23:32,"Mandaluyong, Philippines",Philippines,Male,32,College degree
2024044,9/11/2024 23:51,"Makati, Philippines",Philippines,Male,30,College degree
2024045,9/12/2024 0:05,"Laguna, Philippines",Philippines,Male,24,College degree
2024046,9/12/2024 1:02,"Taguig, Philippines",Philippines,Male,22,College degree
2024047,9/12/2024 1:03,"Quezon City, Philippines",Philippines,Female,34,College degree
2024048,9/12/2024 2:51,United Kingdom,United Kingdom,Female,37,College degree
2024049,9/12/2024 7:23,"Paranaque, Philippines",Philippines,Male,23,College degree
2024050,9/12/2024 7:28,"Quezon City, Philippines",Philippines,Prefer not to say,,
2024051,9/12/2024 8:05,"Quezon City, Philippines",Philippines,Male,,College degree
2024052,9/12/2024 9:18,"Taguig, Philippines",Philippines,Male,,College degree
2024053,9/12/2024 9:29,"Pangasinan, Philippines",Philippines,Female,25,College degree
2024054,9/12/2024 9:34,"Mandaluyong, Philippines",Philippines,Male,31,College degree
2024055,9/12/2024 9:44,"Makati, Philippines",Philippines,Male,25,College degree
2024056,9/12/2024 10:24,Negros Oriental,Philippines,Male,28,College degree
2024057,9/12/2024 11:27,Pampanga,Philippines,Male,22,Secondary school student
2024058,9/12/2024 12:42,"Zambales, Philippines ",Philippines,Male,22,College degree
2024059,9/12/2024 13:20,Laguna,Philippines,Male,27,Other - specify
2024060,9/12/2024 15:23,"Quezon City, Philippines",Philippines,Prefer not to say,,College degree
2024061,9/12/2024 17:05,Batangas,Philippines,Male,24,College degree
2024062,9/12/2024 17:06,"Quezon City, Philippines",Philippines,Male,30,College degree
2024063,9/12/2024 17:21,"Davao City, Philippines",Philippines,Male,20,College degree
2024064,9/12/2024 17:21,"Paranaque, Philippines",Philippines,Male,27,College degree
2024065,9/12/2024 17:34,Baguio,Philippines,Male,29,College degree
2024066,9/12/2024 18:25,Batangas,Philippines,Male,28,College degree
2024067,9/12/2024 18:29,Bocaue Bulacan,Philippines,Female,27,College degree
2024068,9/12/2024 19:12,"Lipa City, Philippines",Philippines,Male,24,College degree
2024069,9/12/2024 19:33,"Taguig, Philippines",Philippines,Male,30,College degree
2024070,9/12/2024 19:37,La Union,Philippines,Male,26,College degree
2024071,9/12/2024 19:40,"Makati, Philippines",Philippines,Male,33,College degree
2024072,9/12/2024 21:01,"Paranaque, Philippines",Philippines,Male,32,College degree
2024073,9/12/2024 21:29,"Quezon City, Philippines",Philippines,Female,38,College degree
2024074,9/12/2024 22:01,"Quezon City, Philippines",Philippines,Male,22,College degree
2024075,9/13/2024 1:03,"Makati, Philippines",Philippines,Female,23,
2024076,9/13/2024 7:13,"Antipolo City, Philippines",Philippines,Male,30,College degree
2024077,9/13/2024 9:04,"Paranaque, Philippines",Philippines,LGBTQ+,33,College degree
2024078,9/13/2024 9:14,"Cebu City, Philippines",Philippines,Male,32,College degree
2024079,9/13/2024 15:01,"Rizal, Philippines ",Philippines,Female,25,College degree
2024080,9/13/2024 17:41,Laguna Philippines,Philippines,Male,32,Other - specify
2024081,9/13/2024 18:52,"Quezon City, Philippines",Philippines,Female,46,Master's degree
2024082,9/13/2024 19:11,"Daet, Philippines",Philippines,Male,22,College degree
2024083,9/14/2024 0:26,Marikina,Philippines,Male,30,College degree
2024084,9/14/2024 9:47,"Naga City, Philippines",Philippines,Male,27,College degree
2024085,9/14/2024 9:58,"Antipolo, Philippines",Philippines,Male,24,College degree
2024086,9/14/2024 10:20,"Manila, Philippines",Philippines,Male,26,Master's degree
2024087,9/14/2024 10:24,Bulacan,Philippines,Male,,College degree
2024088,9/14/2024 10:33,"Ligao City, Albay",Philippines,Male,28,College degree
2024089,9/14/2024 10:53,"Quezon City, Philippines",Philippines,Male,26,College degree
2024090,9/14/2024 11:48,"Cebu City, Philippines",Philippines,Male,26,College degree
2024091,9/14/2024 15:43,"Caloocan, Philippines",Philippines,Female,21,College degree
2024092,9/14/2024 18:19,Nueva Ecija,Philippines,Male,26,College degree
2024093,9/14/2024 19:12,"Manila, Philippines",Philippines,Male,0,Secondary school student
2024094,9/15/2024 0:56,Davao,Philippines,Female,30,College degree
2024095,9/15/2024 14:40,Baguio City,Philippines,Male,,College degree
2024096,9/15/2024 15:36,"Quezon City, Philippines",Philippines,Male,,College degree
2024097,9/15/2024 15:42,Pangasinan ,Philippines,LGBTQ+,22,College degree
2024098,9/15/2024 20:29,Bacoor City,Philippines,Male,25,College degree
2024099,9/15/2024 20:48,"Dasma, Philippines",Philippines,Male,25,College degree
2024100,9/15/2024 22:23,MABALACAT CITY,Philippines,Female,33,College degree
2024101,9/16/2024 0:28,"Quezon City, Philippines",Philippines,Male,23,College degree
2024102,9/16/2024 16:15,"Montalban, Rizal",Philippines,Male,25,College degree
2024103,9/16/2024 20:02,Rizal,Philippines,Female,34,College degree
2024104,9/16/2024 22:21,"Quezon City, Philippines",Philippines,Prefer not to say,45,Master's degree
2024105,9/16/2024 22:21,"Quezon City, Philippines",Philippines,Prefer not to say,45,Master's degree
2024106,9/17/2024 8:03,"Cavite, Philippines",Philippines,Female,26,College degree
2024107,9/17/2024 15:12,Pampanga,Philippines,Male,30,College degree
2024108,9/17/2024 15:21,"Tallinn, Estonia",Estonia,Male,30,Master's degree
2024109,9/17/2024 18:42,"Quezon City, Philippines",Philippines,Prefer not to say,24,College degree
2024110,9/17/2024 23:45,"Calgary, Alberta",Canada,Male,,College degree
2024111,9/18/2024 8:19,"Quezon City, Philippines",Philippines,LGBTQ+,23,Secondary school student
2024112,9/18/2024 10:17,Bulacan,Philippines,Male,,Master's degree
2024113,9/18/2024 10:18,"Caloocan, Philippines",Philippines,Male,33,Other - specify
2024114,9/18/2024 10:23,"Taguig, Philippines",Philippines,Female,50,College degree
2024115,9/18/2024 10:42,"Manila, Philippines",Philippines,Male,29,College degree
2024116,9/18/2024 10:45,"Dasmari?Øas, Philippines",Philippines,Male,23,College degree
2024117,9/18/2024 10:49,"Davao City, Philippines",Philippines,Male,34,College degree
2024118,9/18/2024 10:55,"Taguig, Philippines",Philippines,Female,29,Master's degree
2024119,9/18/2024 11:04,"Quezon City, Philippines",Philippines,Male,34,College degree
2024120,9/18/2024 11:36,"Taguig, Philippines",Philippines,Male,24,College degree
2024121,9/18/2024 12:30,"Makati, Philippines",Philippines,LGBTQ+,24,College degree
2024122,9/18/2024 12:47,Rizal,Philippines,Male,40,College degree
2024123,9/18/2024 12:55,"Manila, Philippines",Philippines,Male,21,Other - specify
2024124,9/18/2024 13:23,"Tagbilaran City, Philippines ",Philippines,Prefer not to say,24,College degree
2024125,9/18/2024 13:38,abroad,abroad,Female,43,College degree
2024126,9/18/2024 14:13,"Cebu City, Philippines",Philippines,Male,37,College degree
2024127,9/18/2024 14:23,"Makati, Philippines",Philippines,Male,40,College degree
2024128,9/18/2024 15:43,"Paranaque, Philippines",Philippines,Male,38,College degree
2024129,9/18/2024 15:50,Camarines Sur,Philippines,Female,22,College degree
2024130,9/18/2024 17:16,"Sorsogon City, Philippines",Philippines,Male,23,Master's degree
2024131,9/18/2024 19:23,"Puerto Princesa, Philippines",Philippines,Female,28,College degree
2024132,9/18/2024 20:05,"Quezon City, Philippines",Philippines,Male,25,College degree
2024133,9/24/2024 8:28,"Quezon City, Philippines",Philippines,LGBTQ+,26,College degree
2024134,9/18/2024 20:29,"Cavite, Philippines",Philippines,Male,21,Secondary school student
2024135,9/18/2024 20:38,"Bacoor City, Cavite, Philippines",Philippines,Prefer not to say,25,College degree
2024136,9/18/2024 21:01,"Manama, Bahrain",Bahrain,Male,29,College degree
2024137,9/18/2024 22:37,"Quezon City, Philippines",Philippines,Male,20,Other - specify
2024138,9/19/2024 0:29,"Manila, Philippines",Philippines,Male,20,College degree
2024139,9/19/2024 0:59,"Valenzuela, Philippines",Philippines,Male,27,College degree
2024140,9/19/2024 12:17,"Paranaque, Philippines",Philippines,Male,38,College degree
2024141,9/19/2024 13:29,Rizal,Philippines,Male,25,College degree
2024142,9/19/2024 13:34,"Manila, Philippines",Philippines,Male,24,College degree
2024143,9/19/2024 15:17,"Caloocan, Philippines",Philippines,Male,34,College degree
2024144,9/19/2024 18:31,"Caloocan, Philippines",Philippines,Female,,
2024145,9/20/2024 13:16,"Quezon City, Philippines",Philippines,Female,36,College degree
2024146,9/20/2024 17:41,"Manila, Philippines",Philippines,Male,30,College degree
2024147,9/20/2024 17:43,"Paranaque, Philippines",Philippines,Male,20,College degree
2024148,9/20/2024 17:43,"Paranaque, Philippines",Philippines,Male,20,College degree
2024149,9/20/2024 17:45,"Taguig, Philippines",Philippines,Male,22,College degree
2024150,9/20/2024 17:48,"Manila, Philippines",Philippines,Male,42,College degree
2024151,9/21/2024 19:17,Muntinlupa,Philippines,Male,30,College degree
2024152,9/21/2024 19:17,"Caloocan, Philippines",Philippines,Male,19,Secondary school student
2024153,9/21/2024 19:21,"Catarman, Northern Samar",Philippines,Female,24,College degree
2024154,9/22/2024 0:44,Lipa City,Philippines,Male,31,College degree
2024155,9/22/2024 2:24,"Paranaque, Philippines",Philippines,Female,34,College degree
2024156,9/22/2024 7:06,"Pampanga, Philippines",Philippines,Male,46,College degree
2024157,9/22/2024 19:34,"Quezon City, Philippines",Philippines,Male,25,College degree
2024158,9/23/2024 8:14,"Marilao, Bulacan ",Philippines,Male,22,College degree
2024159,9/23/2024 8:32,Ilocos Norte,Philippines,Male,42,College degree
2024160,9/23/2024 8:46,Pampanga,Philippines,Male,39,Master's degree
2024161,9/23/2024 8:50,Cagayan de Oro city,Philippines,Male,31,College degree
2024162,9/23/2024 8:55,"Iloilo City, Philippines",Philippines,Male,22,Secondary school student
2024163,9/23/2024 8:58,"Angono, Rizal",Philippines,Female,33,College degree
2024164,9/23/2024 9:02,"Pasig, Philippines",Philippines,Male,26,College degree
2024165,9/23/2024 9:03,Rizal,Philippines,Male,26,College degree
2024166,9/23/2024 9:12,"Paranaque, Philippines",Philippines,Male,24,College degree
2024167,9/23/2024 9:16,Bataan,Philippines,Male,31,College degree
2024168,9/23/2024 9:27,"Taguig, Philippines",Philippines,Female,19,College degree
2024169,9/23/2024 9:33,"Pasig, Philippines",Philippines,Male,,College degree
2024170,9/23/2024 9:34,"Quezon City, Philippines",Philippines,Female,39,College degree
2024171,9/23/2024 9:57,"Quezon City, Philippines",Philippines,Male,42,College degree
2024172,9/23/2024 10:01,"San Mateo, Rizal",Philippines,Male,38,College degree
2024173,9/23/2024 10:04,"Batangas, Philippines",Philippines,Male,21,College degree
2024174,9/23/2024 10:21,Laguna,Philippines,Male,27,College degree
2024175,9/23/2024 10:25,"Calamba City, Philippines ",Philippines,Male,23,College degree
2024176,9/23/2024 10:28,"Pampanga, Philippines",Philippines,Male,22,College degree
2024177,9/23/2024 11:09,"Quezon City, Philippines",Philippines,Male,30,College degree
2024178,9/23/2024 12:09,"Mandaluyong, Philippines",Philippines,Male,38,Master's degree
2024179,9/23/2024 12:58,Benguet,Philippines,Male,34,College degree
2024180,9/23/2024 13:13,"Valenzuela, Philippines",Philippines,Female,15,Secondary school student
2024181,9/23/2024 14:32,"Quezon City, Philippines",Philippines,Male,30,College degree
2024182,9/23/2024 15:03,"Manila, Philippines",Philippines,Male,21,College degree
2024183,9/23/2024 19:31,"Rizal, Philippines",Philippines,Male,22,College degree
2024184,9/23/2024 20:54,"Quezon City, Philippines",Philippines,Male,25,College degree
2024185,9/23/2024 20:57,"Mandaluyong, Philippines",Philippines,Male,21,College degree
2024186,9/23/2024 21:26,"Taguig, Philippines",Philippines,Male,31,Other - specify
2024187,9/23/2024 22:00,"Lucena City, Quezon Province",Philippines,Male,25,College degree
2024188,9/24/2024 9:29,"Taguig, Philippines",Philippines,Male,19,College degree
2024189,9/24/2024 10:31,"Cagayan de Oro City, Philippines",Philippines,Male,40,College degree
2024190,9/24/2024 15:32,"Laguna, Philippines ",Philippines,Female,33,College degree
2024191,9/26/2024 9:35,"Manila, Philippines",Philippines,LGBTQ+,20,College degree
2024192,9/27/2024 9:04,Batangas,Philippines,Male,30,College degree
2024193,9/28/2024 7:21,"Davao City, Philippines",Philippines,Male,33,College degree
2024194,9/28/2024 7:28,"Bacolod City, Philippines",Philippines,Male,19,Secondary school student
2024195,9/28/2024 7:28,"Zamboanga Del Norte, Philippines",Philippines,Male,23,College degree
2024196,9/28/2024 7:39,"Taguig, Philippines",Philippines,Male,22,College degree
2024197,9/28/2024 7:39,"Cebu City, Philippines",Philippines,Male,22,College degree
2024198,9/28/2024 7:40,"Taguig, Philippines",Philippines,Female,23,College degree
2024199,9/28/2024 7:43,"Pasig, Philippines",Philippines,Female,22,College degree
2024200,9/28/2024 7:43,"Zamboanga City, Philippines",Philippines,Male,30,College degree
2024201,9/28/2024 7:43,Pangasinan ,Philippines,Male,31,College degree
2024202,9/28/2024 7:44,"Makati, Philippines",Philippines,Male,25,College degree
2024203,9/28/2024 7:45,"Rizal, Philippines",Philippines,Female,30,College degree
2024204,9/28/2024 7:57,"Manila, Philippines",Philippines,Male,,Master's degree
2024205,9/28/2024 7:59,"Tinambac, Camarines Sur, Bicol, Philippines",Philippines,Female,24,College degree
2024206,9/28/2024 7:59,Cavite,Philippines,Female,31,College degree
2024207,9/28/2024 8:09,las pi?Øas city,Philippines,Male,29,Other - specify
2024208,9/28/2024 8:11,Cavite,Philippines,Male,45,College degree
2024209,9/28/2024 8:12,"Cebu City, Philippines",Philippines,Female,20,College degree
2024210,9/28/2024 8:13,"Pasig, Philippines",Philippines,Male,28,College degree
2024211,9/28/2024 8:18,"Rizal, Philippines",Philippines,Female,28,College degree
2024212,9/28/2024 8:18,"Quezon City, Philippines",Philippines,Male,22,College degree
2024213,9/28/2024 8:21,"Butuan City, Philippines ",Philippines,Male,24,College degree
2024214,9/28/2024 8:22,"Quezon City, Philippines",Philippines,Male,,College degree
2024215,9/28/2024 8:22,Muntinlupa City,Philippines,Female,33,College degree
2024216,9/28/2024 8:24,Rizal,Philippines,Male,25,College degree
2024217,9/28/2024 8:25,Las Pi?Øas ,Philippines,Female,,Other - specify
2024218,9/28/2024 8:25,"Cebu City, Philippines",Philippines,Female,24,College degree
2024219,9/28/2024 8:26,"calamba city, laguna",Philippines,Female,33,College degree
2024220,9/28/2024 8:27,"Antipolo City, Philippines ",Philippines,Male,21,College degree
2024221,9/28/2024 8:27,"Lucena City, Philippines",Philippines,Male,,College degree
2024222,9/28/2024 8:28,"Santa Cruz, Laguna, Philippines",Philippines,Male,20,College degree
2024223,9/28/2024 8:30,Malolos City,Philippines,Male,28,College degree
2024224,9/28/2024 8:40,"Pasig, Philippines",Philippines,Female,22,College degree
2024225,9/28/2024 8:41,"Quezon City, Philippines",Philippines,Male,24,College degree
2024226,9/28/2024 8:45,"Malolos, Bulacan",Philippines,Male,,College degree
2024227,9/28/2024 8:45,"Mandaluyong, Philippines",Philippines,Male,43,College degree
2024228,9/28/2024 8:51,"Quezon City, Philippines",Philippines,Female,25,College degree
2024229,9/28/2024 8:52,"Antipolo, Rizal, Philippines",Philippines,Male,22,College degree
2024230,9/28/2024 9:03,"Quezon City, Philippines",Philippines,Male,28,College degree
2024231,9/28/2024 9:06,"Pasay, Philippines",Philippines,Male,25,College degree
2024232,9/28/2024 9:06,"Manila, Philippines",Philippines,Male,29,College degree
2024233,9/28/2024 9:13,"Manila, Philippines",Philippines,Male,24,College degree
2024234,9/28/2024 9:13,"Paranaque, Philippines",Philippines,Female,32,College degree
2024235,9/28/2024 9:14,"Caloocan, Philippines",Philippines,Female,34,College degree
2024236,9/28/2024 9:16,"Pasay City, Philippines",Philippines,Male,19,Other - specify
2024237,9/28/2024 9:18,albay,Philippines,Male,33,College degree
2024238,9/28/2024 9:20,"Manila, Philippines",Philippines,Male,27,College degree
2024239,9/28/2024 9:22,"Rizal, Philippines",Philippines,Male,22,College degree
2024240,9/28/2024 9:23,"Manila, Philippines",Philippines,Female,23,College degree
2024241,9/28/2024 9:28,"Caloocan, Philippines",Philippines,Male,,College degree
2024242,9/28/2024 9:30,"Cebu City, Philippines",Philippines,Prefer not to say,,College degree
2024243,9/28/2024 9:30,"Pasig, Philippines",Philippines,Male,34,College degree
2024244,9/28/2024 9:30,"Davao City, Philippines",Philippines,Male,19,College degree
2024245,9/28/2024 9:32,"Antipolo, Rizal",Philippines,Male,37,
2024246,9/28/2024 9:49,"Manila, Philippines",Philippines,Male,21,Other - specify
2024247,9/28/2024 9:50,"Davao City, Philippines",Philippines,Female,20,Secondary school student
2024248,9/28/2024 9:51,"Manila, Philippines",Philippines,Female,32,College degree
2024249,9/28/2024 9:57,"Caloocan, Philippines",Philippines,Male,44,College degree
2024250,9/28/2024 9:57,"Taguig, Philippines",Philippines,Male,22,College degree
2024251,9/28/2024 9:59,"Baguio City, Philippines",Philippines,Male,47,Other - specify
2024252,9/28/2024 10:00,"Manila, Philippines",Philippines,Male,23,College degree
2024253,9/28/2024 10:01,"Paranaque, Philippines",Philippines,Male,40,College degree
2024254,9/28/2024 10:02,"Malabon City, Philippines",Philippines,Female,23,College degree
2024255,9/28/2024 10:03,"Pasay City, Philippines",Philippines,Male,24,College degree
2024256,9/28/2024 10:10,"Bay, Philippines",Philippines,Male,54,College degree
2024257,9/28/2024 10:20,"Pasig, Philippines",Philippines,Male,22,College degree
2024258,9/28/2024 10:26,Nueva Ecija,Philippines,Male,28,College degree
2024259,9/28/2024 10:27,"Tarlac City, Philippines",Philippines,Male,29,College degree
2024260,9/28/2024 10:28,"Pasig, Philippines",Philippines,Male,26,College degree
2024261,9/28/2024 10:29,"Marikina, Philippines",Philippines,Female,26,
2024262,9/28/2024 10:33,"Victoria, Melbourne",Australia,Male,42,College degree
2024263,9/28/2024 10:36,"Cebu City, Philippines",Philippines,Female,24,College degree
2024264,9/28/2024 10:38,"Batangas City, Philippines",Philippines,Male,20,College degree
2024265,9/28/2024 10:40,"Cebu City, Philippines",Philippines,Male,24,College degree
2024266,9/28/2024 10:41,"Pampanga, Philippines",Philippines,Male,28,College degree
2024267,9/28/2024 10:53,"Taguig, Philippines",Philippines,Male,23,College degree
2024268,9/28/2024 10:57,"Caloocan, Philippines",Philippines,Female,21,College degree
2024269,9/28/2024 11:00,"Pasig, Philippines",Philippines,Male,24,College degree
2024270,9/28/2024 11:02,Bohol,Philippines,Male,33,College degree
2024271,9/28/2024 11:12,Baguio City,Philippines,Male,25,College degree
2024272,9/28/2024 11:13,"Manila, Philippines",Philippines,LGBTQ+,22,College degree
2024273,9/28/2024 11:17,"Laguna, Philippines",Philippines,Female,25,College degree
2024274,9/28/2024 11:23,"Taguig, Philippines",Philippines,Female,22,College degree
2024275,9/28/2024 11:25,"Makati, Philippines",Philippines,Male,34,College degree
2024276,9/28/2024 11:28,"Quezon City, Philippines",Philippines,Female,23,College degree
2024277,9/28/2024 11:30,"Quezon City, Philippines",Philippines,Male,22,Secondary school student
2024278,9/28/2024 11:31,None,Australia ,Male,25,College degree
2024279,9/28/2024 11:36,"Cavite, Philippines",Philippines,Male,34,College degree
2024280,9/28/2024 11:37,"San Pascual, Batangas, Philippines",Philippines,Female,27,College degree
2024281,9/28/2024 11:49,"Marikina, Philippines",Philippines,Male,27,College degree
2024282,9/28/2024 11:53,Cavite,Philippines,Male,31,College degree
2024283,9/28/2024 11:58,"San Juan City, Philippines ",Philippines,Female,21,College degree
2024284,9/28/2024 11:59,Laguna,Philippines,Female,33,College degree
2024285,9/28/2024 12:02,Laguna,Philippines,Male,28,College degree
2024286,9/28/2024 12:03,"Cebu City, Philippines",Philippines,Male,30,Other - specify
2024287,9/28/2024 12:03,"Batangas, City. Philippines",Philippines,Male,19,College degree
2024288,9/28/2024 12:04,"Pampanga, Philippines",Philippines,Male,23,College degree
2024289,9/28/2024 12:16,"Caloocan, Philippines",Philippines,Male,18,College degree
2024290,9/28/2024 12:18,"Caloocan, Philippines",Philippines,Male,28,College degree
2024291,9/28/2024 12:32,Laguna,Philippines,Female,,College degree
2024292,9/28/2024 12:33,"Manila, Philippines",Philippines,Female,22,College degree
2024293,9/28/2024 12:50,"Paranaque, Philippines",Philippines,Female,28,College degree
2024294,9/28/2024 13:06,"Quezon City, Philippines",Philippines,Female,47,College degree
2024295,9/28/2024 13:38,"Marikina City, Philippines",Philippines,,24,College degree
2024296,9/28/2024 14:19,"Sta. Rosa, Laguna",Philippines,Female,22,College degree
2024297,9/28/2024 14:19,"Davao City, Philippines",Philippines,Female,18,College degree
2024298,9/28/2024 14:24,Cavite,Philippines,Male,22,College degree
2024299,9/28/2024 14:24,"Quezon City, Philippines",Philippines,Male,29,College degree
2024300,9/28/2024 14:31,"Angono, Philippines ",Philippines,Male,19,College degree
2024301,9/28/2024 14:32,"Cavite, Philippines",Philippines,Female,21,College degree
2024302,9/28/2024 14:37,"Rizal, Philippines",Philippines,Male,41,College degree
2024303,9/28/2024 14:39,"Nueva Ecija, Philippines",Philippines,Male,26,College degree
2024304,9/28/2024 14:51,"Siargao, Surigao Del Norte",Philippines,Male,32,Other - specify
2024305,9/28/2024 14:55,"Taguig, Philippines",Philippines,Male,22,College degree
2024306,9/28/2024 15:00,"Manila, Philippines",Philippines,Male,20,College degree
2024307,9/28/2024 15:07,"San Jose City, Nueva Ecija",Philippines,Male,33,College degree
2024308,9/28/2024 15:07,"Cotabato City, Philippines",Philippines,Male,22,Secondary school student
2024309,9/28/2024 15:20,"Davao, Philippines",Philippines,Male,28,Other - specify
2024310,9/28/2024 15:24,"Makati, Philippines",Philippines,Male,,College degree
2024311,9/28/2024 15:52,"Malolos,Bulacan",Philippines,Male,23,College degree
2024312,9/28/2024 16:13,"Cavite, Philippines",Philippines,Male,24,College degree
2024313,9/28/2024 16:26,"Binangonan, Rizal Philippines",Philippines,Male,35,Other - specify
2024314,9/28/2024 16:46,SAN JOSE CITY,Philippines,Male,27,Master's degree
2024315,9/28/2024 16:47,"Quezon Province, Philippines",Philippines,Female,22,College degree
2024316,9/28/2024 17:01,"Manila, Philippines",Philippines,Female,22,College degree
2024317,9/28/2024 17:04,"Leyte, Philippines",Philippines,Female,28,College degree
2024318,9/28/2024 17:12,"Calamba, Laguna",Philippines,Male,24,College degree
2024319,9/28/2024 17:14,"Leyte, Philippines",Philippines,Female,28,College degree
2024320,9/28/2024 17:21,"Taguig, Philippines",Philippines,Male,24,College degree
2024321,9/28/2024 17:33,"Quezon City, Philippines",Philippines,Male,20,College degree
2024322,9/28/2024 17:40,"Urdaneta City, Pangasinan",Philippines,Male,25,College degree
2024323,9/28/2024 17:46,"Makati, Philippines",Philippines,Female,36,College degree
2024324,9/28/2024 17:55,"Pasig, Philippines",Philippines,Female,24,College degree
2024325,9/28/2024 18:02,"Laguna, Philippines",Philippines,Female,22,Secondary school student
2024326,9/28/2024 18:08,Gingoog City,Philippines,Male,,Master's degree
2024327,9/28/2024 18:32,"Cebu City, Philippines",Philippines,Male,32,College degree
2024328,9/28/2024 18:57,"Quezon City, Philippines",Philippines,Male,22,College degree
2024329,9/28/2024 19:04,SAN JOSE CITY,Philippines,Male,27,Master's degree
2024330,9/28/2024 19:22,"Sagay City, Philippines ",Philippines,Male,20,College degree
2024331,9/28/2024 19:37,"Calamba, Laguna, Philippines",Philippines,Male,23,College degree
2024332,9/28/2024 20:03,"Cavite, Philippines ",Philippines,Male,18,Secondary school student
2024333,9/28/2024 20:12,"Cebu City, Philippines",Philippines,Male,26,College degree
2024334,9/28/2024 20:37,"Taguig, Philippines",Philippines,Male,24,College degree
2024335,9/28/2024 20:48,"Panay, Philippines",Philippines,Female,21,Secondary school student
2024336,9/28/2024 21:06,"Aurora, Philippines",Philippines,Male,25,Master's degree
2024337,9/28/2024 21:36,"Batangas, Philippines",Philippines,Male,22,College degree
2024338,9/28/2024 22:10,"Pasig, Philippines",Philippines,Male,37,College degree
2024339,9/28/2024 22:10,"Caloocan, Philippines",Philippines,LGBTQ+,22,College degree
2024340,9/28/2024 22:46,"Taguig, Philippines",Philippines,Male,26,College degree
2024341,9/28/2024 23:07,"Bayombong, Nueva Vizcaya",Philippines,Female,21,Secondary school student
2024342,9/28/2024 23:17,San Fernando City,Philippines,Male,22,College degree
2024343,9/28/2024 23:50,"Davao City, Philippines",Philippines,Female,23,Secondary school student
2024344,9/29/2024 0:07,"Manila, Philippines",Philippines,Female,20,College degree
2024345,9/29/2024 0:53,"Antipolo, Philippines",Philippines,Male,30,College degree
2024346,9/29/2024 2:10,"Bulacan, Philippines",Philippines,Male,19,Secondary school student
2024347,9/29/2024 2:21,"Caloocan, Philippines",Philippines,Female,34,College degree
2024348,9/29/2024 2:57,"san pablo city, laguna",Philippines,Male,31,College degree
2024349,9/29/2024 4:51,"Baliuag City, Philippines",Philippines,Female,31,College degree
2024350,9/29/2024 7:32,"Bulacan, Philippines",Philippines,Male,19,Secondary school student
2024351,9/29/2024 7:41,"Romblon, Philippines",Philippines,Male,31,Other - specify
2024352,9/29/2024 8:08," Catbalogan, Philippines ",Philippines,Female,30,College degree
2024353,9/29/2024 9:07,Malabon city,Philippines,Female,32,College degree
2024354,9/29/2024 9:29,"Pangasinan, Philippines",Philippines,Female,42,Master's degree
2024355,9/29/2024 10:26,"malolos, bulacan",Philippines,Female,35,College degree
2024356,9/29/2024 11:52,"Makati, Philippines",Philippines,Female,28,Master's degree
2024357,9/29/2024 14:22,Santa Rosa City,Philippines,Female,25,College degree
2024358,9/29/2024 15:56,"Batangas City, Philippines ",Philippines,Female,20,College degree
2024359,9/29/2024 16:08,"Bukit Batok, Singapore",Singapore,LGBTQ+,23,College degree
2024360,9/29/2024 16:42,"Makati, Philippines",Philippines,Male,21,Secondary school student
2024361,9/29/2024 17:49,Antipolo,Philippines,Male,32,College degree
2024362,9/29/2024 18:04,Tacloban City,Philippines,Male,29,College degree
2024363,9/29/2024 18:07,"Manila, Philippines",Philippines,Male,30,College degree
2024364,9/29/2024 20:36,"Cabuyao, Philippines",Philippines,Female,25,College degree
2024365,9/29/2024 20:46,"Aleosan, North Cotabato ",Philippines,Male,27,College degree
2024366,9/29/2024 21:15,"Bulacan, Philippines",Philippines,Male,19,College degree
2024367,9/29/2024 22:30,"Muntinlupa, Philippines",Philippines,Male,24,
2024368,9/29/2024 22:51,"Cairo, Egypt",Egypt,Male,37,PhD degree
2024369,9/29/2024 22:59,"Quezon City, Philippines",Philippines,Male,25,College degree
2024370,9/30/2024 2:08,"Quezon City, Philippines",Philippines,Male,26,College degree
2024371,9/30/2024 3:56,"Taguig, Philippines",Philippines,Male,29,College degree
2024372,9/30/2024 5:40,"Caloocan, Philippines",Philippines,Female,31,Master's degree
2024373,9/30/2024 10:17,"Caloocan, Philippines",Philippines,Female,21,Secondary school student
2024374,9/30/2024 11:45,General Santos City,Philippines,Male,28,College degree
2024375,9/30/2024 13:23,"San Pedro, Laguna, Philippines",Philippines,Female,22,College degree
2024376,9/30/2024 13:28,"Quezon City, Philippines",Philippines,Male,33,College degree
2024377,9/30/2024 14:10,"Albay, Bicol",Philippines,Male,40,College degree
2024378,9/30/2024 14:34,"Pasig, Philippines",Philippines,Male,28,College degree
2024379,9/30/2024 14:36,"Makati, Philippines",Philippines,Prefer not to say,33,College degree
2024380,9/30/2024 14:54,"Cavite, Philippines",Philippines,Male,29,College degree
2024381,9/30/2024 15:37,"ILOCOS NORTE, PHILIPPINES",Philippines,Male,27,College degree
2024382,9/30/2024 16:00,"Cavite, PH",Philippines,Male,21,College degree
2024383,9/30/2024 17:27,"Quezon City, Philippines",Philippines,Male,22,College degree
2024384,9/30/2024 18:01,Camarines Norte,Philippines,Female,26,College degree
2024385,9/30/2024 20:55,"Manila, Philippines",Philippines,Prefer not to say,19,Secondary school student
2024386,9/30/2024 21:40,"Laguna, philippines ",Philippines,Male,23,College degree
2024387,9/30/2024 21:58,"Santa Rosa, Philippines",Philippines,Male,23,College degree
2024388,9/30/2024 23:03,"Cavite, Philippines",Philippines,Male,22,College degree
2024389,9/30/2024 23:23,Cagayan de Oro,Philippines,Male,34,College degree
2024390,10/1/2024 4:34,"Bi?Øan City, Philippines",Philippines,Female,22,College degree
2024391,10/1/2024 8:51,"Antique, Philippines",Philippines,Female,25,Secondary school student
2024392,10/1/2024 9:12,"Naga City, Camarines Sur",Philippines,Female,30,College degree
2024393,10/1/2024 11:43,"Baguio City, Philippines",Philippines,Male,24,College degree
2024394,10/1/2024 12:50,Pampanga,Philippines,Male,24,College degree
2024395,10/1/2024 16:35,"Manila, Philippines",Philippines,Male,29,College degree
2024396,10/1/2024 20:16,"Caloocan, Philippines",Philippines,Female,24,College degree
2024397,10/1/2024 20:50,"Rizal, Philippines ",Philippines,Female,43,College degree
2024398,10/2/2024 2:14,"San Pedro, Philippines",Philippines,Male,22,College degree
2024399,10/2/2024 7:10,"Bayombong, Nueva Vizcaya",Philippines,Male,32,Master's degree
2024400,10/2/2024 14:36,Taytay,Philippines,Male,33,College degree
2024401,10/2/2024 15:57,"Baco, Oriental Mindoro",Philippines,Female,24,College degree
2024402,10/2/2024 17:40,"Bacoor City, Philippines",Philippines,Male,23,College degree
2024403,10/3/2024 6:24,"Quezon City, Philippines",Philippines,Female,23,College degree
2024404,10/3/2024 13:58,"Paranaque, Philippines",Philippines,Female,,College degree
2024405,10/3/2024 16:36,"Pasig, Philippines",Philippines,Male,23,College degree
2024406,10/3/2024 18:32,Alexanderia,Egypt,Male,22,College degree
2024407,10/3/2024 18:39,"Caloocan, Philippines",Philippines,Male,22,College degree
2024408,10/3/2024 20:55,Cagayan de Oro City,Philippines,Male,27,College degree
2024409,10/3/2024 22:54,"Manila, Philippines",Philippines,Male,26,College degree
2024410,10/3/2024 23:22,"Pasig, Philippines",Philippines,Male,,
2024411,10/4/2024 5:27,Laguna Philippines,Philippines,Female,43,College degree
2024412,10/4/2024 11:44,"Mandaluyong, Philippines",Philippines,Male,28,College degree
2024413,10/4/2024 12:34,"Caloocan, Philippines",Philippines,Female,17,College degree
2024414,10/4/2024 15:36,"Quezon City, Philippines",Philippines,Male,25,College degree
2024415,10/4/2024 22:37,"Manila, Philippines",Philippines,Male,21,Secondary school student
2024416,10/5/2024 0:17,Cavite,Philippines,Prefer not to say,32,Master's degree
2024417,10/5/2024 13:54,Pangasinan,Philippines,Prefer not to say,22,College degree
2024418,10/5/2024 14:59,Cavite ,Philippines,Female,24,Other - specify
2024419,10/5/2024 22:51,"Manila, Philippines",Philippines,LGBTQ+,,Other - specify
2024420,10/6/2024 1:34,"Laguna, Philippines",Philippines,Male,23,College degree
2024421,10/6/2024 1:45,"Cebu City, Philippines",Philippines,Male,23,College degree
2024422,10/6/2024 3:17,"Pasig, Philippines",Philippines,Female,25,College degree
2024423,10/6/2024 4:19,"Legazpi, Philippines",Spain,Male,28,Master's degree
2024424,10/6/2024 19:01,Alexandria,Egypt,Male,30,College degree
2024425,10/7/2024 7:19,"Bambang, Nueva Vizcaya",Philippines,Male,32,College degree
2024426,10/7/2024 22:32,"Santa Rosa, Laguna",Philippines,Male,22,College degree
2024427,10/7/2024 23:27,"San Fernando City, Philippines ",Philippines,Male,21,College degree
2024428,10/8/2024 11:21,"Muntinlupa, Philippines",Philippines,Female,25,College degree
2024429,10/8/2024 12:48,Marikina,Philippines,Male,26,College degree
2024430,10/8/2024 15:07,"Taguig, Philippines",Philippines,Female,,College degree
2024431,10/8/2024 17:13,"Valenzuela, Philippines ",Philippines,Female,22,College degree
2024432,10/8/2024 21:46,"Pasig, Philippines",Philippines,Male,19,College degree
2024433,10/8/2024 22:03,"Quezon City, Philippines",Philippines,Female,20,Secondary school student
2024434,10/8/2024 22:23,"Lucena, City",Philippines,Female,25,College degree
2024435,10/9/2024 3:20,"Taguig, Philippines",Philippines,Male,27,College degree
2024436,10/9/2024 20:57,"Masbate, Philippines",Philippines,Male,22,College degree
2024437,10/10/2024 12:14,"Manila, Philippines",Philippines,Female,,College degree
2024438,10/11/2024 13:52,"Muntinlupa, Philippines",Philippines,Female,22,College degree
2024439,10/11/2024 16:41,Pateros,Philippines,Male,23,College degree
2024440,10/11/2024 19:22,"Bulacan, Philippines",Philippines,Male,27,College degree
2024441,10/11/2024 20:11,"Davao City, Philippines",Philippines,Male,29,College degree
2024442,10/11/2024 20:28,"Bicol, Philippines",Philippines,Male,23,College degree
2024443,10/11/2024 22:04,"Taguig, Philippines",Philippines,Male,21,Secondary school student
2024444,10/11/2024 22:05,Angono,Philippines,Prefer not to say,26,College degree
2024445,10/12/2024 1:10,Bataan,Philippines,Male,,College degree
2024446,10/12/2024 7:10,Municipality of Pateros,Philippines,Male,23,College degree
2024447,10/12/2024 15:00,"Paranaque, Philippines",Philippines,Prefer not to say,28,College degree
2024448,10/12/2024 20:31,"Cavite, Philippines",Philippines,Female,30,College degree
2024449,10/12/2024 21:09,"Quezon City, Philippines",Philippines,Female,19,Secondary school student
2024450,10/12/2024 21:32,"Manila, Philippines",Philippines,Female,26,College degree
2024451,10/12/2024 21:47,"Pasay City, Philippines",Philippines,Male,31,Master's degree
2024452,10/13/2024 2:54,"Batangas, Philippines ",Philippines,Male,30,College degree
2024453,10/13/2024 10:15,"Ho Chi Minh, Viet Nam",Viet Nam,Male,21,College degree
2024454,10/13/2024 20:02,"Cebu City, Philippines",Philippines,Male,18,College degree
2024455,10/14/2024 14:48,"Taguig, Philippines",Philippines,LGBTQ+,24,College degree
2024456,10/14/2024 15:02,"Taguig, Philippines",Philippines,Female,24,College degree
2024457,10/14/2024 15:32,"Sorsogon, Philippines",Philippines,Female,30,College degree
2024458,10/14/2024 18:15,"Zamboanga City, Philippines",Philippines,Male,35,Master's degree
2024459,10/14/2024 21:54,"Pasig, Philippines",Philippines,Male,29,College degree
2024460,10/14/2024 23:08,"Taguig, Philippines",Philippines,Male,48,College degree
2024461,10/14/2024 23:36,las pinas,Singapore,Female,30,College degree
2024462,10/15/2024 8:23,"Paranaque, Philippines",Philippines,Male,26,College degree
2024463,10/15/2024 8:31,"Las Pinas City, Philippines",Philippines,Male,27,Master's degree
2024464,10/15/2024 15:22,"Cavite, Philippines",Philippines,Male,23,College degree
2024465,10/15/2024 19:25,"Las Pi?Øas, Philippines ",Philippines,Female,24,College degree
2024466,10/16/2024 2:43,"Antipolo, Rizal",Philippines,Male,25,College degree
2024467,10/16/2024 2:51,"Quezon City, Philippines",Philippines,Male,25,College degree
2024468,10/16/2024 2:58,Baliwag,Philippines,Male,33,College degree
2024469,10/16/2024 3:03,Bulacan ,Philippines,Male,30,College degree
2024470,10/16/2024 4:01,Davao del Norte,Philippines,Female,32,College degree
2024471,10/16/2024 4:46,"Quezon City, Philippines",Philippines,Female,30,College degree
2024472,10/16/2024 6:34,Leyte,Philippines,Male,36,College degree
2024473,10/16/2024 6:40,"Bi?Øan city, philippines",Philippines,Male,31,Secondary school student
2024474,10/16/2024 7:12,"Manila, Philippines",Philippines,Female,23,College degree
2024475,10/16/2024 7:20,"Bulacan, Philippines",Philippines,Male,24,College degree
2024476,10/16/2024 7:57,"Manila, Philippines",Philippines,Male,24,College degree
2024477,10/16/2024 8:05,"Pasig, Philippines",Philippines,Male,33,College degree
2024478,10/16/2024 10:17,"Quezon City, Philippines",Philippines,Male,28,College degree
2024479,10/16/2024 11:02,"Paranaque, Philippines",Philippines,Male,25,College degree
2024480,10/16/2024 15:45,"Manila, Philippines",Philippines,Male,26,Master's degree
2024481,10/16/2024 15:56,Bataan,Philippines,Male,23,College degree
2024482,10/16/2024 18:06,"Taguig, Philippines",Philippines,Male,20,College degree
2024483,10/21/2024 15:32,"Borongan City, Eastern Samar",Philippines,Female,37,College degree
2024484,10/21/2024 17:41,"Quezon City, Philippines",Philippines,Male,26,College degree
2024485,10/23/2024 10:52,"Las Pinas City, Philippines",Philippines,Prefer not to say,27,College degree
2024486,10/28/2024 12:08,"Quezon City, Philippines",Philippines,Male,21,Secondary school student
2024487,10/28/2024 15:18,"Cavite, Philippines",Philippines,Male,22,College degree
2024488,10/28/2024 20:52,"Pasig, Philippines",Philippines,Female,20,College degree
2024489,10/28/2024 22:58,"Pasig, Philippines",Philippines,Male,22,College degree
2024490,10/29/2024 1:09,"Ilocos Sur, Philippines",Philippines,Male,26,College degree
2024491,10/29/2024 6:23,"Cavite, Philippines",Philippines,Female,23,College degree
2024492,10/30/2024 4:00,"Marikina, Philippines",Philippines,Female,27,College degree
2024493,10/31/2024 6:46,Laguna,Philippines,Female,33,College degree
2024494,10/31/2024 17:21,"Quezon City, Philippines",Philippines,Male,31,College degree
2024495,11/3/2024 23:25,"Quezon City, Philippines",Philippines,Female,30,Master's degree
2024496,11/3/2024 23:54,"Calamba city, Laguna",Philippines,Female,23,College degree
2024497,11/5/2024 3:42,"Caloocan, Philippines",Philippines,Female,25,College degree
2024498,11/5/2024 23:38,"calaca city, batangas, philippines",Philippines,Female,24,College degree
2024499,11/6/2024 11:04,"Muntinlupa, Philippines",Philippines,Female,22,College degree
2024500,11/7/2024 11:48,"Angeles City, Pampanga Philippines",Philippines,Female,24,College degree
2024501,11/6/2024 20:15,"Bulacan, Philippines",Philippines,Male,29,College degree
2024502,11/7/2024 11:52,"Laoag City, Philippines",Philippines,Male,30,College degree
2024503,11/7/2024 11:58,"Davao City, Philippines",Philippines,Female,42,College degree
2024504,11/7/2024 12:01,"Makati, Philippines",Philippines,Prefer not to say,24,College degree
2024505,11/7/2024 12:02,"Ozamiz City, Misamis Occidental",Philippines,Male,54,Master's degree
2024506,11/7/2024 12:07,Bulacan,Philippines,Male,30,Master's degree
2024507,11/7/2024 12:19,"Dapitan City, Philippines",Philippines,Male,28,College degree
2024508,11/7/2024 13:40,"Paranaque, Philippines",Philippines,Male,38,College degree
2024509,11/7/2024 13:47,"Pangasinan, Philippines",Philippines,Male,25,College degree
2024510,11/7/2024 13:55,"Rizal, Philippines",Philippines,Male,23,College degree
2024511,11/7/2024 16:52,"Batangas, Philippines",Philippines,Male,33,College degree
2024512,11/7/2024 21:42,Cagayan de Oro City,Philippines,Male,32,College degree
2024513,11/8/2024 4:04,"Isabela, Philippines ",Philippines,LGBTQ+,35,College degree
2024514,11/8/2024 9:12,Bicol,Philippines,Male,39,Master's degree
2024515,11/8/2024 9:44,"Lipa, Philippines",Philippines,Male,24,College degree
2024516,11/8/2024 11:47,"Penang, Malaysia",Malaysia,Male,28,Master's degree
2024517,11/8/2024 18:22,"Quezon City, Philippines",Philippines,,,College degree
2024518,11/9/2024 5:24,"Cavite, Philippines",Philippines,Female,36,College degree
2024519,11/9/2024 15:52,"Cebu City, Philippines",Philippines,Female,25,College degree
2024520,11/9/2024 16:18,"Manila, Philippines",Philippines,,,
2024521,11/9/2024 16:28,"Quezon City, Philippines",Philippines,Male,29,Master's degree
2024522,11/9/2024 16:36,"Sta. Maria, Bulacan",Philippines,Male,25,College degree
2024523,11/9/2024 17:20,"Marikina City, Philippines",Philippines,Female,24,College degree
2024524,11/9/2024 17:23,Doha,Qatar,Male,40,College degree
2024525,11/9/2024 17:23,Batangas,Philippines,Male,28,College degree
2024526,11/10/2024 2:51,"Taguig, Philippines",Philippines,Male,34,Master's degree
2024527,11/10/2024 3:58,"Quezon City, Philippines",Philippines,Female,40,College degree
2024528,11/10/2024 15:57,"Manila, Philippines",Philippines,Female,28,College degree
2024529,11/10/2024 16:14,Quezon Province,Philippines,Male,25,College degree
2024530,11/11/2024 5:19,"Negros Occidental, Philippines",Philippines,Female,32,College degree
2024531,11/11/2024 7:49,"Quezon City, Philippines",Philippines,Male,24,College degree
2024532,11/11/2024 7:50,"Macrohon, Southern Leyte, Philippines",Philippines,Female,43,Master's degree
2024533,11/11/2024 8:09,"Las Pi?Øas, Philippines",Philippines,Male,22,College degree
2024534,11/11/2024 8:26,"Las Pi?Øas, Philippines",Philippines,Male,38,College degree
2024535,11/11/2024 8:37,"Baguio City, Philippines",Philippines,Female,25,College degree
2024536,11/11/2024 9:43,"Municipality of Bula, Camarines Sur, Philippines",Philippines,Male,24,College degree
2024537,11/11/2024 11:07,Laguna - San Pedro,Philippines,Female,36,College degree
2024538,11/11/2024 11:09,"Quezon City, Philippines",Philippines,Male,,College degree
2024539,11/11/2024 11:09,"Taguig, Philippines",Philippines,LGBTQ+,34,College degree
2024540,11/11/2024 14:12,"Ligao City, Albay Philippines",Philippines,Male,28,College degree
2024541,11/11/2024 15:47,"Rizal, Philippines",Philippines,Male,25,Other - specify
2024542,11/12/2024 0:31,"Quezon City, Philippines",Philippines,Male,31,College degree
2024543,11/12/2024 3:38,"Quezon City, Philippines",Philippines,Male,39,College degree
2024544,11/12/2024 6:51,San Jose del Monte ,Philippines,Female,22,Secondary school student
2024545,11/12/2024 8:49,"Manila, Philippines",Philippines,LGBTQ+,34,Other - specify
2024546,11/12/2024 9:13,"Quezon City, Philippines",Philippines,LGBTQ+,22,Secondary school student
2024547,11/12/2024 10:49,"Cebu City, Philippines",Philippines,Male,32,College degree
2024548,11/12/2024 12:28,"Malay, Aklan Philippines",Philippines,LGBTQ+,27,Master's degree
2024549,11/12/2024 12:54,"Camarines Sur, Bicol Region, Philippines",Philippines,Male,29,College degree
2024550,11/12/2024 14:03,North Luzon (Benguet Province),Philippines,Female,,College degree
2024551,11/12/2024 18:26,"Manila, Philippines",Philippines,Male,23,College degree
2024552,11/12/2024 19:19,"Taguig, Philippines",Philippines,Male,24,College degree
2024553,11/13/2024 1:28,"Las Pinas, Philippines",Philippines,Male,24,College degree
2024554,11/13/2024 7:19,"Tarlac City, Tarlac",Philippines,Male,29,College degree
2024555,11/13/2024 9:34,"Quezon City, Philippines",Philippines,Male,29,Other - specify
2024556,11/13/2024 10:45,Municipality of Pateros,Philippines,Male,23,College degree
2024557,11/13/2024 11:08,"Manila, Philippines",Philippines,Male,22,College degree
2024558,11/13/2024 11:20,"Benguet, Philippines ",Philippines,Male,30,College degree
2024559,11/13/2024 11:51,"Davao City, Philippines",Philippines,Male,27,College degree
2024560,11/14/2024 12:46,Rizal,Philippines,Male,36,Master's degree
2024561,11/14/2024 17:37,"Manila, Philippines",Philippines,Male,48,Master's degree
2024562,11/15/2024 19:37,"Mamburao, Philippines ",Philippines,Female,23,College degree
2024563,11/15/2024 21:48,"Bi?Øan, Laguna",Philippines,Male,20,Secondary school student
2024564,11/16/2024 21:43,Santa Rosa,Philippines,Female,,College degree
2024565,11/17/2024 3:34,"Mandaluyong, Philippines",Philippines,Female,33,College degree
2024566,11/18/2024 13:55,"Manila, Philippines",Philippines,Male,45,Other - specify
2024567,11/18/2024 13:56,Pateros,Philippines,Male,23,College degree
2024568,11/18/2024 14:10,"Laguna, Philippines",Philippines,Male,22,College degree
2024569,11/18/2024 14:31,"Quezon City, Philippines",Philippines,Male,28,College degree
2024570,11/18/2024 15:49,"Binan, Laguna",Philippines,Male,43,Secondary school student
2024571,11/18/2024 19:51,"Taguig, Philippines",Philippines,Male,30,College degree
2024572,11/18/2024 21:37,"Davao City, Philippines",Philippines,Male,46,Master's degree
2024573,11/20/2024 8:33,"Calamba City, Philippines",Philippines,Female,21,College degree
2024574,11/20/2024 11:19,"Cavite, Philippines",Philippines,Male,40,College degree
2024575,11/20/2024 13:23,Valenzuela,Philippines,Male,26,College degree
2024576,11/20/2024 16:54,"Cavite, Philippines",Philippines,Male,40,College degree
2024577,11/20/2024 20:53,"Makati, Philippines",Philippines,Male,24,College degree
2024578,11/21/2024 19:36,"Cebu City, Philippines",Philippines,Male,34,College degree
2024579,11/22/2024 8:16,"Manila, Philippines",Philippines,Male,32,College degree
2024580,11/22/2024 8:28,"Bacolod City, Philippines",Philippines,Female,24,College degree
2024581,11/22/2024 8:29,"Cavite, Philippines",Philippines,Male,25,College degree
2024582,11/22/2024 8:35,Olongapo City,Philippines,Male,28,College degree
2024583,11/22/2024 8:46,calabarzon,Philippines,Male,38,College degree
2024584,11/22/2024 9:00,"Baguio City, Philippines",Philippines,LGBTQ+,28,College degree
2024585,11/22/2024 9:31,"Cavite, Philippines",Philippines,Male,30,College degree
2024586,11/22/2024 9:36,"Quezon City, Philippines",Philippines,Male,31,College degree
2024587,11/22/2024 10:07,"Davao City, Philippines",Philippines,Male,35,Other - specify
2024588,11/22/2024 10:39,"Pampanga, Philippines",Philippines,Male,22,College degree
2024589,11/22/2024 13:49,"Bulacan, Philippines",Philippines,Female,24,Secondary school student
2024590,11/22/2024 14:47,"Taytay, Rizal",Philippines,LGBTQ+,35,Other - specify
2024591,11/22/2024 14:53,"Laguna, Philippines",Philippines,Male,24,College degree
2024592,11/22/2024 21:22,"Quezon City, Philippines",Philippines,Male,25,College degree
2024593,11/23/2024 6:18,"Quezon City, Philippines",Philippines,Male,25,College degree
2024594,11/23/2024 7:13,"La pinas, Philippines",Philippines,Male,36,Master's degree
2024595,11/23/2024 8:02,"Dumaguete City, Philippines",Philippines,Female,,College degree
2024596,11/23/2024 8:15,"San Mateo, Rizal",Philippines,Male,23,College degree
2024597,11/23/2024 8:56,Pampanga,Philippines,Male,23,College degree
2024598,11/23/2024 9:44,"Quezon City, Philippines",Philippines,Male,33,College degree
2024599,11/23/2024 12:24,"Tarlac City, Philippines",Philippines,Female,24,College degree
2024600,11/23/2024 12:54,Marikina,Philippines,Male,37,Secondary school student
2024601,11/23/2024 16:31,"Quezon City, Philippines",Philippines,LGBTQ+,22,College degree
2024602,11/23/2024 21:54,Iligan city,Philippines,Male,28,College degree
2024603,11/23/2024 23:23,"Davao City, Philippines",Philippines,Male,42,College degree
2024604,11/23/2024 23:32,"Quezon City, Philippines",Philippines,,36,Master's degree
2024605,11/24/2024 3:39,"Quezon City, Philippines",Philippines,Male,,College degree
2024606,11/24/2024 7:44,"Taguig, Philippines",Philippines,Male,,College degree
2024607,11/24/2024 7:50,"Pasig, Philippines",Philippines,Male,28,College degree
2024608,11/24/2024 8:29,"Cebu City, Philippines",Philippines,LGBTQ+,25,College degree
2024609,11/24/2024 9:23,"Madrid, Spain",Spain,Male,28,Master's degree
2024610,11/24/2024 11:50,"Quezon City, Philippines",Philippines,Female,20,College degree
2024611,11/24/2024 12:48,Regina,Canada,Male,42,College degree
2024612,11/24/2024 15:10,Malabon,Philippines,Male,35,College degree
2024613,11/24/2024 15:52,"San Jose del Monte, Philippines",Philippines,Male,25,College degree
2024614,11/24/2024 17:58,"Paranaque, Philippines",Philippines,Male,28,College degree
2024615,11/24/2024 20:50,"Davao City, Philippines",Philippines,Male,16,Secondary school student
2024616,11/24/2024 21:30,"Cebu City, Philippines",Philippines,Male,26,College degree
2024617,11/25/2024 0:03,"Quezon City, Philippines",Philippines,Female,,College degree
2024618,11/25/2024 5:03,"Makati, Philippines",Philippines,Male,23,College degree
2024619,11/25/2024 6:24,"Cairo,Egypt",Egypt,Male,25,College degree
2024620,11/25/2024 6:45,"Caloocan, Philippines",Philippines,Male,22,College degree
2024621,11/25/2024 7:22,"Mandaluyong, Philippines",Philippines,Male,25,College degree
2024622,11/25/2024 7:39,"Taguig, Philippines",Philippines,Male,32,College degree
2024623,11/25/2024 8:05,"Cavite, Philippines",Philippines,Male,29,College degree
2024624,11/25/2024 8:21,"Pateros, Philippines",Philippines,Male,24,College degree
2024625,11/25/2024 9:13,"Nueva Vizcaya, Philippines",Philippines,Male,24,College degree
2024626,11/25/2024 9:22,"Quezon City, Philippines",Philippines,Male,25,College degree
2024627,11/25/2024 9:40,"Silang Cavite, Philippines",Philippines,Male,24,College degree
2024628,11/25/2024 10:13,"Mandaluyong, Philippines",Philippines,Male,21,College degree
2024629,11/25/2024 13:32,"Antipolo City, Philippines",Philippines,Male,19,College degree
2024630,11/25/2024 14:45,"Paranaque, Philippines",Philippines,Male,,College degree
2024631,11/26/2024 6:26,"Taguig, Philippines",Philippines,Female,36,College degree
2024632,11/26/2024 7:18,"Cavite, Philippines",Philippines,Male,,College degree
2024633,11/26/2024 9:09,"Tarlac, Philippines",Philippines,Male,21,College degree
2024634,11/26/2024 9:47,"Gingoog City, Philippines",Philippines,,,
2024635,11/26/2024 11:32,"Manila, Philippines",Philippines,Male,25,College degree
2024636,11/26/2024 15:23,"Rodriguez, Philippines",Philippines,Male,21,Other - specify
2024637,11/26/2024 19:12,Sohag-Egypt ,Egypt,Female,23,College degree
2024638,11/26/2024 21:04,"Davao City, Philippines",Philippines,Male,,College degree
2024639,11/27/2024 4:29,"General Santos City, Philippines",Philippines,LGBTQ+,23,College degree
2024640,11/27/2024 6:12,"Taguig, Philippines",Philippines,Male,21,Secondary school student
2024641,11/27/2024 6:46,"Paranaque, Philippines",Philippines,Male,40,College degree
2024642,11/27/2024 6:56,"batangas, philippines",Philippines,Female,24,College degree
2024643,11/27/2024 9:27,"Cavite, Philippines",Philippines,Male,23,College degree
2024644,11/27/2024 9:55,"Manila, Philippines",Philippines,Female,18,Secondary school student
2024645,11/27/2024 11:14,"Mandaluyong, Philippines",Philippines,Male,33,College degree
2024646,11/27/2024 11:24,"San Jose Del Monte, Bulacan, Philippines",Philippines,Female,35,College degree
2024647,11/27/2024 12:44,"Dipolog City, Philippines",Philippines,Male,23,College degree
2024648,11/27/2024 13:02,"Lipa City, Philippines",Zimbabwe,Male,33,College degree
2024649,11/27/2024 13:05,"Davao City, Philippines",Philippines,Male,31,College degree
2024650,11/27/2024 14:10,"Caloocan, Philippines",Philippines,Female,21,College degree
2024651,11/27/2024 16:09,"Rodriguez, Rizal ",Philippines,Male,25,College degree
2024652,11/27/2024 16:11,Yaound?” ,Cameroon ,Male,22,Master's degree
2024653,11/27/2024 17:15,Malabon,Philippines,Male,33,College degree
2024654,11/27/2024 18:59,"Manila, Philippines",Philippines,Male,21,Secondary school student
2024655,11/27/2024 19:09,"Pasig, Philippines",Philippines,Female,,College degree
2024656,11/27/2024 19:46,"Cavite, Philippines",Philippines,Male,,College degree
2024657,11/28/2024 2:02,"Aurora, Philippines",Philippines,Male,26,Master's degree
2024658,11/28/2024 3:14,"Olongapo City, Philippines",Philippines,LGBTQ+,20,College degree
2024659,11/28/2024 4:46,"Caloocan, Philippines",Philippines,Male,36,College degree
2024660,11/28/2024 10:26,"Manila, Philippines",Philippines,Male,24,College degree
2024661,11/28/2024 13:21,Nueva Ecija,Philippines,Male,36,College degree
2024662,11/28/2024 14:12,"Manila, Philippines",Philippines,Male,29,College degree
2024663,11/28/2024 18:27,"Cavite, Philippines",Philippines,Male,25,College degree
2024664,11/28/2024 21:18,"Davao City, Philippines",Philippines,Female,24,Secondary school student
2024665,11/28/2024 22:39,"Victoria's City, Philippines ",Philippines,Female,29,College degree
2024666,11/28/2024 22:39,Laguna,Philippines,Male,28,College degree
2024667,11/28/2024 22:44,"Cavite, Philippines",Philippines,Male,23,College degree
2024668,11/28/2024 23:06,"Laguna, Philippines",Philippines,Male,26,College degree
2024669,11/28/2024 23:40,"Paranaque, Philippines",Philippines,Prefer not to say,23,College degree
2024670,11/29/2024 0:21,"Antipolo,Philippines",Philippines,Male,27,College degree
2024671,11/29/2024 0:29,"Bi?Øan City, Laguna ",Philippines,Female,22,College degree
2024672,11/29/2024 0:41,Cabite,Philippines,Male,30,College degree
2024673,11/29/2024 0:42,"Quezon City, Philippines",Philippines,Female,30,College degree
2024674,11/29/2024 1:14,Cavite,Philippines,,42,College degree
2024675,11/29/2024 1:32,Pasay City Ph,Philippines,Female,,College degree
2024676,11/29/2024 4:14,"Antipolo City, Philippines",Philippines,Male,30,College degree
2024677,11/29/2024 4:28,"Baguio City, Philippines",Philippines,Male,,Other - specify
2024678,11/29/2024 6:37,Batangas,Philippines,Male,31,Other - specify
2024679,11/29/2024 6:47,"Manila, Philippines",Philippines,Male,,College degree
2024680,11/29/2024 8:24,"Leyte, Philippines ",Philippines,Male,29,College degree
2024681,11/29/2024 11:07,"Dasmari?Øas, Cavite",Philippines,Female,23,College degree
2024682,11/29/2024 19:46,Laguna. Philippines,Philippines,LGBTQ+,25,College degree
2024683,11/29/2024 20:29,"Caloocan, Philippines",Philippines,Male,32,College degree
2024684,11/29/2024 21:43,"Quezon City, Philippines",Philippines,Female,36,College degree
2024685,11/29/2024 22:08,Iligan City,Philippines,Male,35,Other - specify
2024686,11/30/2024 1:02,"Davao City, Philippines",Philippines,Female,26,Secondary school student
2024687,11/30/2024 5:13,"Quezon City, Philippines",Philippines,Male,23,College degree
2024688,11/30/2024 7:38,"Giza,Egypt",Egypt,Female,24,College degree
2024689,11/30/2024 7:55,"Quezon City, Philippines",Philippines,Male,36,College degree
2024690,11/30/2024 8:06,Alex ,Egypt,Male,,College degree
2024691,11/30/2024 8:17,"Aleosan, Philippines",Philippines,Male,27,College degree
2024692,11/30/2024 9:29,Laguna,Philippines,Male,24,College degree
2024693,11/30/2024 10:55,"Manila, Philippines",Philippines,Male,31,College degree
2024694,11/30/2024 11:37,Bacolod,Philippines,Female,39,College degree
2024695,11/30/2024 11:37,"Caloocan, Philippines",Philippines,Female,18,College degree
2024696,11/30/2024 11:57,"Baguio City, Philippines",Philippines,Male,24,College degree
2024697,11/30/2024 15:58,"Pasig, Philippines",Philippines,LGBTQ+,22,College degree
2024698,11/30/2024 16:46,"Paranaque, Philippines",Philippines,Male,25,College degree
2024699,11/30/2024 19:27,"Taguig, Philippines",Philippines,Female,36,College degree
2024700,11/30/2024 20:25,"Manila, Philippines",Philippines,Female,21,College degree
2024701,11/30/2024 22:34,"Gen. Trias, Cavite",Philippines,Prefer not to say,,College degree
2024702,12/1/2024 1:13,"Taytay, Philippines",Philippines,Female,18,College degree
2024703,12/1/2024 2:25,"Cavite, Philippines",Philippines,Male,22,College degree
2024704,12/1/2024 17:16,"Legazpi City, Albay",Philippines,LGBTQ+,34,College degree
2024705,12/1/2024 17:19,"Alexandria, Egypt",Egypt,Male,30,College degree
2024706,12/1/2024 17:37,"Eastern Samar, Philippines ",Philippines,Male,26,College degree
2024707,12/1/2024 17:48,"Manila, Philippines",Philippines,Male,19,College degree
2024708,12/1/2024 19:23,"Davao City, Philippines",Malaysia,Male,35,College degree
2024709,12/1/2024 19:31,Borongan City,Philippines,Female,37,College degree
2024710,12/1/2024 21:31,"Valenzuela City, Philippines",Philippines,Male,28,College degree
2024711,12/2/2024 3:40,"Taguig, Philippines",Philippines,Male,21,College degree
2024712,12/2/2024 4:24,"Davao City, Philippines",Philippines,Male,55,College degree
2024713,12/2/2024 6:36,"Manila, Philippines",Philippines,Male,22,College degree
2024714,12/2/2024 8:46,"Bulacan, Philippines",Philippines,Male,25,College degree
2024715,12/2/2024 9:53,"Rizal, Philippines",Philippines,Male,38,College degree
2024716,12/2/2024 10:23,Rizal,Philippines,LGBTQ+,26,College degree
2024717,12/2/2024 15:06,"Quezon City, Philippines",Philippines,Male,25,College degree
2024718,12/3/2024 4:29,Sohag,Egypt,Male,22,College degree
2024719,12/3/2024 6:58,"Manila, Philippines",Philippines,Male,23,College degree
2024720,12/3/2024 7:00,Marikina City ,Philippines,Male,22,College degree
2024721,12/3/2024 9:43,"Laguna, Philippines",Philippines,Male,33,College degree
2024722,12/3/2024 10:10,"Taguig, Philippines",Philippines,Male,52,College degree
2024723,12/3/2024 11:30,"Batangas, Philippines",Philippines,Male,20,College degree
2024724,12/3/2024 11:38,Cavite ,Philippines,Male,33,Master's degree
2024725,12/3/2024 12:47,"Naga city,Camarines Sur,Philippines",Philippines,Male,20,College degree
2024726,12/3/2024 13:15,"Manila, Philippines",Philippines,Male,19,College degree
2024727,12/3/2024 14:47,"Manila, Philippines",Philippines,Female,,
2024728,12/3/2024 14:56,"Naga City, Camarines Sur PH",Philippines,Male,,College degree
2024729,12/3/2024 17:04,"Ozamiz City, Philippines",Philippines,Male,44,College degree
2024730,12/3/2024 20:02,Baliwag City,Philippines,Male,52,Other - specify
2024731,12/3/2024 20:58,"Caloocan, Philippines",Philippines,Male,19,College degree
2024732,12/4/2024 0:37,Newcastle Upon Tyne,United Kingdom,Female,37,College degree
2024733,12/4/2024 7:26,Laguna,Philippines,Male,32,Other - specify
2024734,12/4/2024 14:25,"Pasig, Philippines",Malaysia,LGBTQ+,40,College degree
2024735,12/4/2024 17:20,.. ,Egypt,Female,22,College degree
2024736,12/5/2024 12:15,"Pasig, Philippines",Philippines,Male,24,College degree
2024737,12/5/2024 12:28,"Taguig, Philippines",Philippines,Male,26,College degree
2024738,12/5/2024 13:30,Nueva Ecija Cabanatuan City,Philippines,Male,22,College degree
2024739,12/6/2024 10:45,"Iloilo, Philippines",Philippines,Male,40,PhD degree
2024740,12/6/2024 11:21,"Bacoor City,Cavite",Philippines,Female,33,Other - specify
2024741,12/6/2024 13:59,"Manila, Philippines",Philippines,Male,20,College degree
2024742,12/6/2024 18:34,"Taguig, Philippines",Philippines,Female,22,College degree
2024743,12/6/2024 23:16,Pateros,Philippines,Male,23,College degree
2024744,12/6/2024 23:56,"Quezon City, Philippines",Philippines,Male,25,College degree
2024745,12/7/2024 11:28,"Taguig, Philippines",Philippines,LGBTQ+,20,Secondary school student
2024746,12/7/2024 12:27,"Gen. Trias, Cavite",Philippines,Prefer not to say,28,College degree
2024747,12/8/2024 17:58,"Davao City, Philippines",Philippines,Male,22,Other - specify
2024748,12/8/2024 19:17,"Pasay, Philippines",Philippines,Male,23,College degree
2024749,12/8/2024 22:11,"Laguna, Philippines",Philippines,Male,24,College degree
2024750,12/9/2024 17:48,"Iloio City, Philippines",Philippines,Female,28,College degree
2024751,12/9/2024 22:04,"Naga City Camarines Sur, Philippines",Philippines,Male,27,College degree
2024752,12/10/2024 9:29,Calamba City Philippines,Philippines,Male,33,College degree
2024753,12/10/2024 13:13,"San Pablo City, Laguna",Philippines,Male,30,College degree
2024754,12/10/2024 13:17,"Quezon City, Philippines",Philippines,LGBTQ+,22,Other - specify
2024755,12/10/2024 13:27,Bicol,Philippines,Male,47,College degree
2024756,12/10/2024 13:52,"Davao City, Philippines",Philippines,Male,21,College degree
2024757,12/10/2024 17:01,"Cebu City, Philippines",Philippines,Male,20,College degree
2024758,12/10/2024 17:48,"Quezon City, Philippines",Philippines,LGBTQ+,30,Other - specify
2024759,12/10/2024 18:37,"Cabuyao, Laguna, Philippines ",Philippines,Male,21,
2024760,12/10/2024 21:47,"Clark, Philippines",Philippines,Male,28,College degree
2024761,12/11/2024 10:11,Laguna,Philippines,Male,38,College degree
2024762,12/11/2024 13:20,"Manila, Philippines",Philippines,LGBTQ+,29,College degree
2024763,12/12/2024 14:00,Singapore,Singapore,,31,College degree
2024764,12/12/2024 14:31,"General Trias, Cavite",Philippines,Prefer not to say,22,College degree
2024765,12/13/2024 19:15,"Batangas, Philippines",Philippines,Male,34,College degree
2024766,12/16/2024 21:23,"Quezon City, Philippines",Philippines,Male,22,Secondary school student
2024767,12/16/2024 22:11,"Bocaue, Bulacan, Philippines",Philippines,Male,29,College degree
2024768,12/22/2024 7:00,Bacoor,Philippines,Male,,College degree
2024769,12/22/2024 8:14,Cavite,Philippines,Male,32,College degree
2024770,12/23/2024 6:17,"Oslo, Norway ",Norway,Male,36,College degree
2024771,12/23/2024 20:03,"Cavite, Philippines",Philippines,Male,21,Other - specify
2024772,12/24/2024 0:41,"Taguig, Philippines",Philippines,Male,26,College degree
2024773,1/3/2025 16:47,Cavite,Philippines,Female,36,College degree
2024774,1/3/2025 16:53,"Camarines Sur, Philippines",Philippines,Male,22,Secondary school student
